id,xmax,ymax,zmax,xmin,ymin,zmin,length,height,width,area
418055,-3.781,1.7791,2.5842,-4.8433,0.9192,1.841,0.0,0.0,0.0,0
418636,0.2249,0.8734999999999999,2.5842,-0.8526,0.0124,1.841,0.0,0.0,0.0,0
418648,-3.781,0.8734999999999999,2.5842,-4.8586,0.0124,1.841,0.0,0.0,0.0,0
458912,0.22510000000000002,0.8658,12.7554,-0.8404,0.0124,12.0122,0.0,0.0,0.0,0
483293,0.2097,1.7791,2.5842,-0.8526,0.9192,1.841,0.0,0.0,0.0,0
1002781,-0.5084000000000001,-1.0699,2.5842,-1.3618000000000001,-2.1977,1.841,0.0,0.0,0.0,0
1079046,-3.781,1.7791,4.4252,-4.8433,0.9192,3.682,0.0,0.0,0.0,0
1079049,0.2249,0.8734999999999999,4.4252,-0.8526,0.0124,3.682,0.0,0.0,0.0,0
1079057,-3.781,0.8734999999999999,4.4252,-4.8586,0.0124,3.682,0.0,0.0,0.0,0
1079086,0.2097,1.7791,4.4252,-0.8526,0.9192,3.682,0.0,0.0,0.0,0
1079111,-0.5084000000000001,-1.0699,4.4252,-1.3618000000000001,-2.1977,3.682,0.0,0.0,0.0,0
1079185,-3.781,1.7791,5.345700000000001,-4.8433,0.9192,4.6025,0.0,0.0,0.0,0
1079188,0.2249,0.8734999999999999,5.345700000000001,-0.8526,0.0124,4.6025,0.0,0.0,0.0,0
1079196,-3.781,0.8734999999999999,5.345700000000001,-4.8586,0.0124,4.6025,0.0,0.0,0.0,0
1079225,0.2097,1.7791,5.345700000000001,-0.8526,0.9192,4.6025,0.0,0.0,0.0,0
1079250,-0.5084000000000001,-1.0699,5.345700000000001,-1.3618000000000001,-2.1977,4.6025,0.0,0.0,0.0,0
1079383,-3.781,1.7791,6.2662,-4.8433,0.9192,5.523,0.0,0.0,0.0,0
1079386,0.2249,0.8734999999999999,6.2662,-0.8526,0.0124,5.523,0.0,0.0,0.0,0
1079394,-3.781,0.8734999999999999,6.2662,-4.8586,0.0124,5.523,0.0,0.0,0.0,0
1079423,0.2097,1.7791,6.2662,-0.8526,0.9192,5.523,0.0,0.0,0.0,0
1079448,-0.5084000000000001,-1.0699,6.2662,-1.3618000000000001,-2.1977,5.523,0.0,0.0,0.0,0
1079581,-3.781,1.7791,7.1867,-4.8433,0.9192,6.4435,0.0,0.0,0.0,0
1079584,0.2249,0.8734999999999999,7.1867,-0.8526,0.0124,6.4435,0.0,0.0,0.0,0
1079592,-3.781,0.8734999999999999,7.1867,-4.8586,0.0124,6.4435,0.0,0.0,0.0,0
1079621,0.2097,1.7791,7.1867,-0.8526,0.9192,6.4435,0.0,0.0,0.0,0
1079646,-0.5084000000000001,-1.0699,7.1867,-1.3618000000000001,-2.1977,6.4435,0.0,0.0,0.0,0
1107478,-3.781,1.7791,8.1072,-4.8433,0.9192,7.364,0.0,0.0,0.0,0
1107481,0.2249,0.8734999999999999,8.1072,-0.8526,0.0124,7.364,0.0,0.0,0.0,0
1107489,-3.781,0.8734999999999999,8.1072,-4.8586,0.0124,7.364,0.0,0.0,0.0,0
1107518,0.2097,1.7791,8.1072,-0.8526,0.9192,7.364,0.0,0.0,0.0,0
1107543,-0.5084000000000001,-1.0699,8.1072,-1.3618000000000001,-2.1977,7.364,0.0,0.0,0.0,0
1107568,-3.781,1.7791,9.0277,-4.8433,0.9192,8.284500000000001,0.0,0.0,0.0,0
1107571,0.2249,0.8734999999999999,9.0277,-0.8526,0.0124,8.284500000000001,0.0,0.0,0.0,0
1107579,-3.781,0.8734999999999999,9.0277,-4.8586,0.0124,8.284500000000001,0.0,0.0,0.0,0
1107608,0.2097,1.7791,9.0277,-0.8526,0.9192,8.284500000000001,0.0,0.0,0.0,0
1107633,-0.5084000000000001,-1.0699,9.0277,-1.3618000000000001,-2.1977,8.284500000000001,0.0,0.0,0.0,0
1107658,-3.781,1.7791,9.9482,-4.8433,0.9192,9.205,0.0,0.0,0.0,0
1107661,0.2249,0.8734999999999999,9.9482,-0.8526,0.0124,9.205,0.0,0.0,0.0,0
1107669,-3.781,0.8734999999999999,9.9482,-4.8586,0.0124,9.205,0.0,0.0,0.0,0
1107698,0.2097,1.7791,9.9482,-0.8526,0.9192,9.205,0.0,0.0,0.0,0
1107723,-0.5084000000000001,-1.0699,9.9482,-1.3618000000000001,-2.1977,9.205,0.0,0.0,0.0,0
1107748,-3.781,1.7791,10.868699999999999,-4.8433,0.9192,10.1255,0.0,0.0,0.0,0
1107751,0.2249,0.8734999999999999,10.868699999999999,-0.8526,0.0124,10.1255,0.0,0.0,0.0,0
1107759,-3.781,0.8734999999999999,10.868699999999999,-4.8586,0.0124,10.1255,0.0,0.0,0.0,0
1107788,0.2097,1.7791,10.868699999999999,-0.8526,0.9192,10.1255,0.0,0.0,0.0,0
1107813,-0.5084000000000001,-1.0699,10.868699999999999,-1.3618000000000001,-2.1977,10.1255,0.0,0.0,0.0,0
1107838,-3.781,1.7791,11.789200000000001,-4.8433,0.9192,11.046,0.0,0.0,0.0,0
1107841,0.2258,0.8734999999999999,11.789200000000001,-0.8392000000000001,0.0124,11.046,0.0,0.0,0.0,0
1107849,-3.7802,0.8734999999999999,11.789200000000001,-4.8586,0.0124,11.046,0.0,0.0,0.0,0
1107878,0.21050000000000002,1.7791,11.789200000000001,-0.8518000000000001,0.9192,11.046,0.0,0.0,0.0,0
1107903,-0.5084000000000001,-1.0699,11.789200000000001,-1.3618000000000001,-2.1916,11.046,0.0,0.0,0.0,0
1121338,0.20989999999999998,1.7791,12.7554,-0.8404,0.9268000000000001,12.0122,0.0,0.0,0.0,0
1395425,-3.781,1.7791,0.8122,-4.8433,0.9192,-0.0,0.0,0.0,0.0,0
1395439,0.2097,1.7791,0.7432,-0.8526,0.9192,-0.0,0.0,0.0,0.0,0
1400224,-3.781,0.8734999999999999,1.6637000000000002,-4.8586,0.0124,0.9205,0.0,0.0,0.0,0
1400225,-3.781,1.7791,1.6637000000000002,-4.8433,0.9192,0.9205,0.0,0.0,0.0,0
1400227,0.2097,1.7791,1.6637000000000002,-0.8526,0.9192,0.9205,0.0,0.0,0.0,0
3911870,0.2097,1.7791,3.5047,-0.8526,0.9192,2.7615,0.0,0.0,0.0,0
3912238,-3.781,1.7791,3.5047,-4.8433,0.9192,2.7615,0.0,0.0,0.0,0
3912252,0.2249,0.8734999999999999,3.5047,-0.8526,0.0124,2.7615,0.0,0.0,0.0,0
3912254,-3.781,0.8734999999999999,3.5047,-4.8586,0.0124,2.7615,0.0,0.0,0.0,0
3913234,-0.5084000000000001,-1.0699,3.5047,-1.3618000000000001,-2.1977,2.7615,0.0,0.0,0.0,0
